{"title":"SIP Search","structure":"6-6","rows":[{"columns":[{"styleClass":"col-md-6","widgets":[{"type":"quicksearch","config":{"fields":[{"name":"ruri_user","selection":"RURI"},{"name":"from_user","selection":"From"},{"name":"to_user","selection":"To"},{"name":"callid","selection":"Call-ID"}],"searchbutton":true},"title":"Session Parameters","wid":3},{"type":"quicksearch","config":{"fields":[{"name":"source_ip","selection":"Source IP"},{"name":"source_port","selection":"Source Port"},{"name":"destination_ip","selection":"Dest. IP"},{"name":"destination_port","selection":"Dest. Port"}],"searchbutton":false},"title":"Network Parameters","wid":3}],"cid":10},{"styleClass":"col-md-6","widgets":[{"type":"quicksearch","config":{"fields":[{"name":"user_agent","selection":"User-Agent"},{"name":"method","selection":"Method"},{"name":"cseq","selection":"CSeq"},{"name":"msg","selection":"Message"}],"searchbutton":false},"title":"Session Headers","wid":15},{"type":"quicksearch","config":{"fields":[{"name":"transaction","selection":"Transaction"},{"name":"limit","selection":"Limit Query"},{"name":"restype","selection":"Result Type"},{"name":"dbnode","selection":"DB Node"},{"name":"b2b","selection":"B2B ext"}],"searchbutton":false},"title":"Search Parrameters","wid":3}],"cid":11}]}],"protect":true,"selectedItem":"fa-search","alias":"search"}
