{"title":"System Admin","structure":"12/6-6","rows":[{"columns":[{"styleClass":"col-md-12","widgets":[{"type":"adminuser","config":{"size":{"height":200}},"title":"Admin User","titleTemplateUrl":"../src/templates/widget-title.html","wid":"1459761590434-3"}],"cid":17}]},{"columns":[{"styleClass":"col-md-6","widgets":[{"type":"adminalias","config":{"size":{"height":200}},"title":"Admin Alias","titleTemplateUrl":"../src/templates/widget-title.html","wid":"1459761683499-4"}],"cid":18},{"styleClass":"col-md-6","widgets":[{"type":"adminnode","config":{"size":{"height":200}},"title":"Admin Node","titleTemplateUrl":"../src/templates/widget-title.html","wid":"1459761696057-5"}],"cid":19}]}],"titleTemplateUrl":"../src/templates/dashboard-title.html"}
