{"title":"Dangerous Demo","structure":"6-6","rows":[{"columns":[{"styleClass":"col-md-6","widgets":[{"type":"querycapChart","config":{"query":"select * from \"homer.stats.counters.polycomIAJ.count\" where time \u003E $fromts AND time \u003C $tots;\nselect * from \"homer.stats.counters.baresipIAJ.count\" where time \u003E $fromts AND time \u003C $tots;\nselect * from \"homer.stats.counters.snomIAJ.count\" where time \u003E $fromts AND time \u003C $tots;","chart":{"legend":{"align":"center","layout":"horizontal","enabled":true},"type":{"id":1,"label":"Spline","value":"spline"},"size":{"height":250},"ccc":"purple,orange,yellow","maxvalue":0},"panel":{"timefield":"time","fieldname":"name","fieldvalue":"value"},"source":{"main":"results","sub":"series"},"path":"http:\/\/homer.localhost:8086\/query","db":{"name":"homer_stats","user":"root","password":"root"}},"title":"Delay","wid":5},{"type":"querycapChart","config":{"chart":{"legend":{"align":"center","layout":"horizontal","enabled":true},"type":{"id":2,"label":"Line","value":"line"},"size":{"height":250},"ccc":"#7B972E, #6A538D, #3B83A1, #CB7221, #F2E200","maxvalue":4.5},"panel":{"timefield":"time","fieldname":"name","fieldvalue":"value","fielddivide":"10"},"query":"select * from \"homer.stats.counters.polycomMos.count\" where time \u003E $fromts AND time \u003C $tots;\nselect * from \"homer.stats.counters.baresipMos.count\" where time \u003E $fromts AND time \u003C $tots;\nselect * from \"homer.stats.counters.snomMos.count\" where time \u003E $fromts AND time \u003C $tots;","path":"http:\/\/homer.localhost:8086\/query","db":{"name":"homer_stats","user":"root","password":"root"},"source":{"main":"results","sub":"series"}},"title":"MOS","wid":3}],"cid":7},{"styleClass":"col-md-6","widgets":[{"type":"querycapChart","config":{"chart":{"legend":{"align":"center","layout":"horizontal","enabled":true},"size":{"height":250},"type":{"id":3,"label":"Area spline","value":"areaspline"},"ccc":"red,orange,purple","sss":false,"ppp":false,"ddd":false,"yaxis":{"title":"packet loss %"},"maxvalue":100},"query":"select * from \"homer.stats.counters.polycomNLR.count\" where time \u003E $fromts AND time \u003C $tots;\nselect * from \"homer.stats.counters.baresipNLR.count\" where time \u003E $fromts AND time \u003C $tots;\nselect * from \"homer.stats.counters.snomNLR.count\" where time \u003E $fromts AND time \u003C $tots;","path":"http:\/\/homer.localhost:8086\/query","db":{"name":"homer_stats","user":"root","password":"root"},"panel":{"timefield":"time","fieldname":"name","fieldvalue":"value","fielddivide":"10"},"source":{"main":"results","sub":"series"}},"title":"Packet Loss","wid":8},{"type":"querycapChart","config":{"chart":{"legend":{"align":"center","layout":"horizontal","enabled":true},"size":{"width":null,"height":250},"type":{"id":1,"label":"Spline","value":"spline"},"maxvalue":0},"query":"select * from \"homer.stats.counters.polycomJBN.count\" where time \u003E $fromts AND time \u003C $tots;\nselect * from \"homer.stats.counters.baresipJBN.count\" where time \u003E $fromts AND time \u003C $tots;\nselect * from \"homer.stats.counters.snomJBN.count\" where time \u003E $fromts AND time \u003C $tots;","db":{"name":"homer_stats","user":"root","password":"root"},"panel":{"timefield":"time","fieldname":"name","fieldvalue":"value"},"source":{"main":"results","sub":"series"},"path":"http:\/\/homer.localhost:8086\/query"},"title":"Jitter Buffer","wid":3}],"cid":8}]}],"protect":false,"selectedItem":"fa-tasks","alias":"dd"}