{"title":"Stats: IP Network","structure":"4-4-4","rows":[{"columns":[{"styleClass":"col-md-4","widgets":[{"type":"elasticapChart","config":{"chart":{"legend":{"align":"center","layout":"horizontal","enabled":true},"type":{"id":4,"label":"Bar","value":"bar"},"yaxis":{"title":"Bytes"},"sss":false,"size":{"height":250},"ccc":"","query_type":"histogram","query_res":"1m"},"path":"http:\/\/localhost\/nprobe-*\/_search?size=0","query":"{\n   \"facets\": {\n      \"0\": {\n         \"date_histogram\": {\n            \"field\": \"@timestamp\",\n            \"interval\": \"5m\"\n         },\n         \"global\": true,\n         \"facet_filter\": {\n            \"fquery\": {\n               \"query\": {\n                  \"filtered\": {\n                     \"query\": {\n                        \"query_string\": {\n                           \"query\": \"*\"\n                        }\n                     },\n                     \"filter\": {\n                        \"bool\": {\n                           \"must\": [\n                              {\n                                 \"range\": {\n                                    \"@timestamp\": {\n                                       \"from\": \"$fromts\",\n                                       \"to\": \"$tots\"\n                                    }\n                                 }\n                              }\n                           ]\n                        }\n                     }\n                  }\n               }\n            }\n         }\n      }\n   },\n   \"size\": 0\n}","db":{"name":"nprobe-*","password":"","user":"userpass"},"panel":{"timefield":"time","fieldname":"packets","fieldvalue":"count"},"debugresp":"{\"took\":852,\"timed_out\":false,\"_shards\":{\"total\":10,\"successful\":10,\"failed\":0},\"hits\":{\"total\":19014,\"max_score\":0,\"hits\":[]},\"facets\":{\"0\":{\"_type\":\"date_histogram\",\"entries\":[{\"time\":1431426300000,\"count\":21},{\"time\":1431426600000,\"count\":552},{\"time\":1431426900000,\"count\":613},{\"time\":1431427200000,\"count\":539},{\"time\":1431427500000,\"count\":567},{\"time\":1431427800000,\"count\":522},{\"time\":1431428100000,\"count\":856},{\"time\":1431428400000,\"count\":783},{\"time\":1431428700000,\"count\":743}]}}}"},"title":"Elasticsearch Histogram","wid":3},{"type":"querycapChart","config":{"chart":{"legend":{"align":"center","layout":"horizontal","enabled":true},"type":{"id":3,"label":"Area spline","value":"areaspline"},"size":{"height":250},"ccc":"#7B972E, #6A538D, #3B83A1, #CB7221, #F2E200"},"panel":{"timefield":"time","fieldname":"name","fieldvalue":"value"},"query":"select * from \"homer.1MinAvg\" where time \u003E $fromts AND time \u003C $tots;\nselect * from \"homer.5MinAvg\" where time \u003E $fromts AND time \u003C $tots;\nselect * from \"homer.15MinAvg\" where time \u003E $fromts AND time \u003C $tots;","path":"http:\/\/localhost:8086\/query","db":{"name":"homer_stats","user":"root","password":"password"},"source":{"main":"results","sub":"series"}},"title":"InfluxDB Charts - Homer Load","wid":3}],"cid":15},{"styleClass":"col-md-4","widgets":[{"type":"elasticapChart","config":{"chart":{"legend":{"align":"right","layout":"vertical","enabled":false},"type":{"id":4,"label":"Bar","value":"bar"},"size":{"height":250},"query_type":"terms","query_res":"1m","ccc":""},"path":"http:\/\/localhost\/nprobe-*\/_search?size=0","db":{"user":"userpass","name":"nprobe-*"},"query":"{\n   \"facets\": {\n      \"terms\": {\n         \"terms\": {\n            \"field\": \"IPV4_SRC_ADDR\",\n            \"size\": 10,\n            \"order\": \"count\",\n            \"exclude\": []\n         },\n         \"facet_filter\": {\n            \"fquery\": {\n               \"query\": {\n                  \"filtered\": {\n                     \"query\": {\n                        \"bool\": {\n                           \"should\": [\n                              {\n                                 \"query_string\": {\n                                    \"query\": \"*\"\n                                 }\n                              }\n                           ]\n                        }\n                     },\n                     \"filter\": {\n                        \"bool\": {\n                           \"must\": [\n                              {\n                                 \"range\": {\n                                    \"@timestamp\": {\n                                       \"from\": \"$fromts\",\n                                       \"to\": \"$tots\"\n                                    }\n                                 }\n                              }\n                           ]\n                        }\n                     }\n                  }\n               }\n            }\n         }\n      }\n   },\n   \"size\": 0\n}","panel":{"timefield":"term","fieldname":"count","fieldvalue":"count"},"debugresp":"{\"took\":837,\"timed_out\":false,\"_shards\":{\"total\":10,\"successful\":10,\"failed\":0},\"hits\":{\"total\":19014,\"max_score\":0,\"hits\":[]},\"facets\":{\"terms\":{\"_type\":\"terms\",\"missing\":0,\"total\":5196,\"other\":358,\"terms\":[{\"term\":\"192.168.1.23\",\"count\":3431},{\"term\":\"127.0.0.1\",\"count\":1043},{\"term\":\"172.17.42.1\",\"count\":73},{\"term\":\"192.168.1.6\",\"count\":63},{\"term\":\"192.168.1.25\",\"count\":52},{\"term\":\"192.168.1.24\",\"count\":51},{\"term\":\"fe80::1165:5f20:e2a8:4d56\",\"count\":44},{\"term\":\"192.168.1.249\",\"count\":31},{\"term\":\"173.194.65.189\",\"count\":29},{\"term\":\"fe80::13:bbc7:8822:7d86\",\"count\":21}]}}}"},"title":"Elasticsearch Terms: Top 10 IPv4 Sources","wid":7},{"type":"elasticapChart","config":{"chart":{"legend":{"align":"center","layout":"horizontal"},"query_type":"terms","query_res":"1m","type":{"id":4,"label":"Bar","value":"bar"},"size":{"height":250},"ccc":""},"path":"http:\/\/localhost\/nprobe-*\/_search?size=0","db":{"user":"userpass"},"query":"{\n   \"facets\": {\n      \"terms\": {\n         \"terms\": {\n            \"field\": \"L7_PROTO_NAME\",\n            \"size\": 10,\n            \"order\": \"count\",\n            \"exclude\": []\n         },\n         \"facet_filter\": {\n            \"fquery\": {\n               \"query\": {\n                  \"filtered\": {\n                     \"query\": {\n                        \"bool\": {\n                           \"should\": [\n                              {\n                                 \"query_string\": {\n                                    \"query\": \"*\"\n                                 }\n                              }\n                           ]\n                        }\n                     },\n                     \"filter\": {\n                        \"bool\": {\n                           \"must\": [\n                              {\n                                 \"range\": {\n                                    \"@timestamp\": {\n                                       \"from\": \"$fromts\",\n                                       \"to\": \"$tots\"\n                                    }\n                                 }\n                              }\n                           ]\n                        }\n                     }\n                  }\n               }\n            }\n         }\n      }\n   },\n   \"size\": 0\n}","panel":{"timefield":"term","fieldname":"count","fieldvalue":"count"},"debugresp":"{\"took\":756,\"timed_out\":false,\"_shards\":{\"total\":10,\"successful\":10,\"failed\":0},\"hits\":{\"total\":19014,\"max_score\":0,\"hits\":[]},\"facets\":{\"terms\":{\"_type\":\"terms\",\"missing\":0,\"total\":5196,\"other\":212,\"terms\":[{\"term\":\"DNS\",\"count\":1606},{\"term\":\"SSL\",\"count\":1217},{\"term\":\"Skype\",\"count\":726},{\"term\":\"Redis\",\"count\":405},{\"term\":\"Unknown\",\"count\":281},{\"term\":\"DropBox\",\"count\":244},{\"term\":\"SSDP\",\"count\":234},{\"term\":\"Google\",\"count\":106},{\"term\":\"ICMP\",\"count\":100},{\"term\":\"HTTP\",\"count\":65}]}}}"},"title":"Elasticsearch Terms: Top L7","wid":18}],"cid":16},{"styleClass":"col-md-4","widgets":[{"type":"sipcaptureChart","config":{"path":"statistic\/method","chart":{"type":{"id":1,"label":"Spline","value":"spline"},"legend":{"enabled":false,"align":"center","layout":"horizontal"},"yaxis":{"title":"ALL Messages"},"size":{"height":250},"sss":true,"ccc":"#923532, #7B972E, #6A538D, #3B83A1, #CB7221, #F2E200"},"panel":{"timefield":"to_ts","fieldname":"method","fieldvalue":"total"},"query":"{\n   \"timestamp\": {\n          \"from\": \"@from_ts\",\n          \"to\":  \"@to_ts\"\n   },\n  \"param\": {\n        \"filter\": [ \n             { \"method\": \"ALL\"}\n       ],\n       \"limit\": 200,\n       \"total\": false\n   }\n}"},"title":"HOMER Packet Count","wid":11},{"type":"sipcaptureChart","config":{"chart":{"legend":{"align":"center","layout":"horizontal","enabled":true},"type":{"id":4,"label":"Bar","value":"bar"},"sss":true,"ppp":true,"size":{"height":250}},"query":"{\n   \"timestamp\": {\n          \"from\": \"@from_ts\",\n          \"to\":  \"@to_ts\"\n   },\n  \"param\": {\n \"filter\": [ \n             { \"method\": \"!ALL\"}\n       ],\n       \"limit\": 200,\n       \"total\": false\n   }\n}","path":"statistic\/method","panel":{"timefield":"to_ts","fieldname":"method","fieldvalue":"total"}},"title":"HOMER Method Distribution","wid":5}],"cid":17}]}]}