{"title":"Home","structure":"4-8","rows":[{"columns":[{"styleClass":"col-md-4","widgets":[{"type":"quicksearch","config":{"fields":[{"name":"from_user","selection":"From"},{"name":"to_user","selection":"To"},{"name":"callid","selection":"Call-ID"},{"name":"transaction","selection":"Transaction"}],"searchbutton":true},"title":"Quick Search","wid":21},{"type":"ripesearch","config":{"location":"109.69.65.0\/24","rscount":"2"},"title":"RIPE DB Search","wid":5},{"type":"ripewhois","config":{"location":"109.69.65.0\/24"},"title":"RIPE Whois Search","wid":3}],"cid":22},{"styleClass":"col-md-8","widgets":[{"type":"clock","config":{"timePattern":"HH:mm:ss","datePattern":"YYYY-MM-DD","locationPattern":"Europe\/Amsterdam","location":"America\/Los_Angeles,America\/New_York,Europe\/London, Europe\/Amsterdam","showseconds":false},"title":"Clock","wid":5},{"type":"sipcaptureChart","config":{"path":"statistic\/method","query":"{\n   \"timestamp\": {\n          \"from\": \"@from_ts\",\n          \"to\":  \"@to_ts\"\n   },\n  \"param\": {\n        \"filter\": [ \n             { \"method\": \"INVITE\", \"auth\": 0},\n             { \"method\": \"INVITE\", \"auth\": 1},\n             { \"method\": \"REGISTER\"}\n       ],\n       \"limit\": 200,\n       \"total\": false\n   }\n}","panel":{"fieldname":"method;auth;cseq","fieldvalue":"total","timefield":"to_ts","fieldsum":false},"chart":{"type":{"id":4,"label":"Bar","value":"bar"},"ddd":true,"legend":{"enabled":true,"align":"left","layout":"horizontal"},"size":{"height":250},"sss":true}},"title":"Packet Statistics","wid":13},{"type":"news","config":{"url":"https:\/\/github.com\/timeline"},"title":"News","wid":22},{"type":"linklist","config":{"links":[{"title":"HOMER Project GitHub Page","href":"http:\/\/github.com\/sipcapture\/homer"},{"href":"http:\/\/github.com\/sipcapture\/captagent","title":"CAPTAGENT Project GitHub Page"}]},"title":"Links","wid":6}],"cid":23}]}],"protect":true,"selectedItem":"fa-home","alias":"home","weight":"1"}