{"title":"Stats: VoIP Traffic","structure":"4-8","rows":[{"columns":[{"styleClass":"col-md-4","widgets":[{"type":"sipcaptureChart","config":{"path":"statistic\/data","chart":{"type":{"id":6,"label":"Pie","value":"pie"},"size":{"height":200},"legend":{"enabled":false,"align":"right","layout":"horizontal"},"yaxis":{"title":"Score"},"ddd":true,"sss":true,"ccc":"#7BBD62, #D5EACD, #365E27"},"query":"{\n   \"timestamp\": {\n          \"from\": \"@from_ts\",\n          \"to\":  \"@to_ts\"\n   },\n  \"param\": {\n        \"filter\": [ \n             { \"type\": \"ner\"}\n       ],\n       \"limit\": 200,\n       \"total\": false\n   }\n}","panel":{"timefield":"to_ts","fieldname":"type","fieldvalue":"total"}},"title":"Network Efficiency Ratio","wid":8},{"type":"sipcaptureChart","config":{"chart":{"legend":{"enabled":false,"align":"center","layout":"horizontal"},"type":{"id":6,"label":"Pie","value":"pie"},"ddd":true,"sss":true,"size":{"height":200},"ccc":"#7BBD62, #D5EACD, #365E27"},"query":"{\n   \"timestamp\": {\n          \"from\": \"@from_ts\",\n          \"to\":  \"@to_ts\"\n   },\n  \"param\": {\n        \"filter\": [ \n             { \"type\": \"asr\"}\n       ],\n       \"limit\": 200,\n       \"total\": false\n   }\n}","panel":{"timefield":"to_ts","fieldname":"type","fieldvalue":"total"},"path":"statistic\/data"},"title":"Answer Seizure Ratio","wid":12},{"type":"sipcaptureChart","config":{"path":"statistic\/useragent","chart":{"type":{"id":6,"label":"Pie","value":"pie"},"ddd":true,"size":{"height":200},"legend":{"enabled":true,"align":"center","layout":"horizontal"}},"query":"{\n   \"timestamp\": {\n          \"from\": \"@from_ts\",\n          \"to\":  \"@to_ts\"\n   },\n  \"param\": {\n        \"filter\": [ \n            {\"method\": \"INVITE\"}\n       ],\n       \"limit\": 200,\n       \"total\": true\n   }\n}","panel":{"timefield":"to_ts","fieldname":"useragent","fieldvalue":"total"}},"title":"UAC Invites","wid":7}],"cid":10},{"styleClass":"col-md-8","widgets":[{"type":"sipcaptureChart","config":{"path":"statistic\/ip","chart":{"type":{"id":4,"label":"Bar","value":"bar"},"size":{"height":200},"legend":{"enabled":true,"align":"right","layout":"vertical"},"sss":true},"panel":{"timefield":"to_ts","fieldname":"source_ip","fieldvalue":"total"},"query":"{\n   \"timestamp\": {\n          \"from\": \"@from_ts\",\n          \"to\":  \"@to_ts\"\n   },\n  \"param\": {\n        \"filter\": [ \n             { \"method\": \"REGISTER\"}\n       ],\n       \"limit\": 200,\n       \"total\": false\n   }\n}"},"title":"IP Registration","wid":5},{"type":"sipcaptureChart","config":{"chart":{"legend":{"enabled":true,"align":"right","layout":"vertical"},"type":{"id":4,"label":"Bar","value":"bar"},"size":{"height":200},"sss":true},"panel":{"timefield":"to_ts","fieldname":"source_ip","fieldvalue":"total"},"query":"{\n   \"timestamp\": {\n          \"from\": \"@from_ts\",\n          \"to\":  \"@to_ts\"\n   },\n  \"param\": {\n        \"filter\": [ \n             { \"method\": \"INVITE\"}\n       ],\n       \"limit\": 200,\n       \"total\": false\n   }\n}","path":"statistic\/ip"},"title":"IP Invites","wid":11},{"type":"sipcaptureChart","config":{"path":"statistic\/useragent","chart":{"type":{"id":6,"label":"Pie","value":"pie"},"ddd":false,"size":{"height":250},"legend":{"enabled":false,"align":"center","layout":"horizontal"},"sss":true},"panel":{"timefield":"to_ts","fieldname":"useragent","fieldvalue":"total"},"query":"{\n   \"timestamp\": {\n          \"from\": \"@from_ts\",\n          \"to\":  \"@to_ts\"\n   },\n  \"param\": {\n        \"filter\": [ \n            {\"method\": \"REGISTER\"}\n       ],\n       \"limit\": 200,\n       \"total\": true\n   }\n}"},"title":"UAC Registration","wid":6}],"cid":11}]}]}