{"title":"ES Aggregations Test","structure":"6-6","rows":[{"columns":[{"styleClass":"col-md-6","widgets":[{"type":"elasticaggsChart","config":{"query":"{\n  \"size\": 0,\n  \"aggregations\": {\n  \"filtered\": {\n      \"filter\": {\n        \"bool\": {\n          \"must\": [\n\t    {\n              \"range\": {\n                \"@timestamp\": {\n                  \"from\": \"$fromts\",\n                  \"to\": \"$tots\"\n                }\n              }\n            }\n\t  ]\n        }\n      }\n      },\n    \"data\": {\n      \"$querytype\": {\n        \"field\": \"$query\",\n        \"size\": 5\n      }\n    }\n  }\n}","chart":{"legend":{"align":"center","layout":"horizontal","enabled":false},"query_type":"terms","query_res":"1m","type":{"id":4,"label":"Bar","value":"bar"},"size":{"height":250}},"db":{"user":"password","name":"nprobe-*"},"path":"http:\/\/localhost\/nprobe-*\/_search?size=0","panel":{"timefield":"key","fieldname":"Hits","fieldvalue":"doc_count"},"query_string":"IPV4_SRC_ADDR","debugresp":"{\"took\":5,\"timed_out\":false,\"_shards\":{\"total\":10,\"successful\":10,\"failed\":0},\"hits\":{\"total\":17087,\"max_score\":0,\"hits\":[]},\"aggregations\":{\"filtered\":{\"doc_count\":5187},\"data\":{\"buckets\":[{\"key\":\"192.168.1.23\",\"doc_count\":11338},{\"key\":\"127.0.0.1\",\"doc_count\":3858},{\"key\":\"192.168.1.24\",\"doc_count\":228},{\"key\":\"172.17.42.1\",\"doc_count\":186},{\"key\":\"fe80::1165:5f20:e2a8:4d56\",\"doc_count\":121}]}}}"},"title":"ElasticSearch Aggs","wid":3}],"cid":5},{"styleClass":"col-md-6","widgets":[{"type":"elasticapChart","config":{"chart":{"legend":{"align":"center","layout":"horizontal"},"query_type":"histogram","query_res":"1m","type":{"id":4,"label":"Bar","value":"bar"},"size":{"height":250}},"path":"http:\/\/localhost\/nprobe-*\/_search?size=0","query":"{\n   \"facets\": {\n      \"0\": {\n         \"date_histogram\": {\n            \"field\": \"@timestamp\",\n            \"interval\": \"5m\"\n         },\n         \"global\": true,\n         \"facet_filter\": {\n            \"fquery\": {\n               \"query\": {\n                  \"filtered\": {\n                     \"query\": {\n                        \"query_string\": {\n                           \"query\": \"$query\"\n                        }\n                     },\n                     \"filter\": {\n                        \"bool\": {\n                           \"must\": [\n                              {\n                                 \"range\": {\n                                    \"@timestamp\": {\n                                       \"from\": \"$fromts\",\n                                       \"to\": \"$tots\"\n                                    }\n                                 }\n                              }\n                           ]\n                        }\n                     }\n                  }\n               }\n            }\n         }\n      }\n   },\n   \"size\": 0\n}","db":{"user":"userpassword","name":"nprobe-*"},"panel":{"timefield":"time","fieldname":"192.168.1.1","fieldvalue":"count"},"debugresp":"{\"took\":3,\"timed_out\":false,\"_shards\":{\"total\":10,\"successful\":10,\"failed\":0},\"hits\":{\"total\":17096,\"max_score\":0,\"hits\":[]},\"facets\":{\"0\":{\"_type\":\"date_histogram\",\"entries\":[]}}}","query_string":"IPV4_SRC_ADDR: 192.168.1.1"},"title":"ES IP Match","wid":7}],"cid":6}]}]}