{
  "status": 200,
  "data": {
    "rows": [
      {
        "columns": [
          {
            "styleClass": "col-md-4",
            "widgets": [
              {
                "type": "clock",
                "config": {
                  "timePattern": "HH:mm:ss",
                  "datePattern": "YYYY-MM-DD",
                  "location": "America/Los_Angeles,America/New_York, Europe/Amsterdam",
                  "showseconds": false
                },
                "title": "Clock",
                "wid": 12,
                "titleTemplateUrl": "../src/templates/widget-title.html"
              },
              {
                "type": "quicksearch",
                "config": {
                  "fields": [
                    {
                      "name": "from_user",
                      "selection": "From"
                    },
                    {
                      "name": "to_user",
                      "selection": "To"
                    },
                    {
                      "name": "callid",
                      "selection": "Call-ID"
                    },
                    {
                      "name": "transaction",
                      "selection": "Transaction"
                    }
                  ],
                  "searchbutton": true
                },
                "title": "Quick Search",
                "wid": 3,
                "titleTemplateUrl": "../src/templates/widget-title.html"
              }
            ],
            "cid": 13
          },
          {
            "styleClass": "col-md-8",
            "widgets": [
              {
                "type": "sipcaptureChart",
                "config": {
                  "panel": {
                    "datasource": {
                      "name": "Method",
                      "type": "JSON",
                      "settings": {
                        "path": "statistic/method",
                        "query": "{\n   \"timestamp\": {\n          \"from\": \"@from_ts\",\n          \"to\":  \"@to_ts\"\n   },\n  \"param\": {\n        \"filter\": [ \n             \"@filters\"\n       ],\n       \"limit\": \"@limit\",\n       \"total\": \"@total\"\n   }\n}",
                        "method": "GET",
                        "limit": 200,
                        "total": false,
                        "eval": {
                          "incoming": {
                            "name": "test incoming",
                            "value": "var object = @incoming; return object"
                          }
                        },
                        "timefields": [
                          {
                            "field": "from_ts",
                            "desc": "From Timestamp"
                          },
                          {
                            "field": "to_ts",
                            "desc": "To Timestamp"
                          }
                        ],
                        "fieldvalues": [
                          {
                            "field": "total",
                            "desc": "All Packets"
                          }
                        ],
                        "filters": [
                          {
                            "type": "method",
                            "desc": "SIP Method",
                            "options": [
                              {
                                "value": "!ALL"
                              },
                              {
                                "value": "TOTAL"
                              },
                              {
                                "value": "INVITE"
                              },
                              {
                                "value": "UPDATE"
                              },
                              {
                                "value": "REGISTER"
                              },
                              {
                                "value": "CANCEL"
                              },
                              {
                                "value": "BYE"
                              },
                              {
                                "value": "OPTIONS"
                              },
                              {
                                "value": "300"
                              },
                              {
                                "value": "401"
                              },
                              {
                                "value": "407"
                              },
                              {
                                "value": "200"
                              }
                            ]
                          },
                          {
                            "type": "cseq",
                            "desc": "SIP Cseq",
                            "options": [
                              {
                                "value": "INVITE"
                              },
                              {
                                "value": "UPDATE"
                              },
                              {
                                "value": "REGISTER"
                              },
                              {
                                "value": "CANCEL"
                              },
                              {
                                "value": "BYE"
                              },
                              {
                                "value": "OPTIONS"
                              }
                            ]
                          },
                          {
                            "type": "auth",
                            "desc": "SIP Auth",
                            "options": [
                              {
                                "value": "true"
                              }
                            ]
                          },
                          {
                            "type": "totag",
                            "desc": "SIP To Tag",
                            "options": [
                              {
                                "value": "true"
                              }
                            ]
                          }
                        ]
                      }
                    },
                    "values": [],
                    "filters": [
                      {
                        "type": "method",
                        "value": "!TOTAL;ALL"
                      },
                      {
                        "type": "auth",
                        "value": "true"
                      }
                    ],
                    "timefield": {
                      "field": "to_ts",
                      "desc": "To Timestamp"
                    },
                    "limit": 1000,
                    "total": false,
                    "filter": {
                      "type": "auth",
                      "desc": "SIP Auth",
                      "options": [
                        {
                          "value": "true"
                        }
                      ]
                    },
                    "chart": {
                      "type": {
                        "id": 2,
                        "label": "Line",
                        "value": "line"
                      },
                      "library": {
                        "id": 3,
                        "label": "D3JS",
                        "value": "d3"
                      },
                      "size": {
                        "height": 260
                      },
                      "update": [],
                      "legend": {
                        "align": "center",
                        "layout": "horizontal",
                        "enabled": true
                      },
                      "xaxis": {
                        "title": ""
                      },
                      "yaxis": {
                        "title": "Packets"
                      }
                    }
                  },
                  "title": "SIPCapture Charts",
                  "wid": 15,
                  "titleTemplateUrl": "../src/templates/widget-title.html"
                }
              }
            ],
            "cid": 14
          }
        ]
      }
    ],
    "structure": "4-8",
    "title": "Home",
    "protect": true,
    "selectedItem": "fa-home",
    "alias": "home",
    "weight": "0",
    "titleTemplateUrl": "../src/templates/dashboard-title.html"
  }
}