{
  "status": 200,
  "data": [
    {
      "name": "Home",
      "href": "home",
      "class": "fa fa-home",
      "id": "_1427728371642"
    },
    {
      "name": "SIP Search",
      "href": "search",
      "class": "fa fa-search",
      "id": "_1426001444630"
    },
    {
      "name": "Alarms",
      "href": "alarms",
      "class": "fa fa-warning",
      "id": "_1431721484444"
    },
    {
      "name": "Panels",
      "href": "#",
      "class": "fa fa-dashboard",
      "rowclass": "fa fa-angle-left pull-right",
      "subItems": [
        {
          "boardid": "_1452069187383",
          "name": "Geo Chart",
          "class": "fa fa-angle-double-right"
        },
        {
          "boardid": "_1411848944046",
          "name": "Stats: IP Network",
          "class": "fa fa-angle-double-right"
        },
        {
          "boardid": "_1430318378410",
          "name": "System Admin",
          "class": "fa fa-angle-double-right"
        },
        {
          "boardid": "_1428431423814",
          "name": "Stats: VoIP Traffic",
          "class": "fa fa-angle-double-right"
        },
        {
          "boardid": "_1450278390101",
          "name": "Get Started",
          "class": "fa fa-angle-double-right"
        }
      ]
    }
  ]
}