{
    "status": 200,
    "data": {
        "node": "{\"node\":{\"name\":\"localhost\",\"id\":\"localhost\"}}",
        "result": "{\"restype\":{\"name\":\"table\",\"value\":\"TABLE\"}}",
        "search": "{\"callid\":\"128-63041@172.25.182.171\"}",
        "timerange": "{\"from\":\"2016-07-20T10:25:00.000Z\",\"to\":\"2016-07-20T11:00:00.000Z\",\"custom\":\"\",\"customFrom\":\"2016-07-20T10:25:00.000Z\",\"customTo\":\"2016-07-20T11:00:00.000Z\"}",
        "timezone": "{\"value\":-60,\"name\":\"GMT+1 CET\",\"offset\":\"+0100\"}",
        "transaction": "[]"
    }
}