{
    "sid": "hoh9djt39b7v2kert87epkala2",
    "auth": "true",
    "status": 200,
    "message": "qos report",
    "data": {
        "global": {
            "calls": {
                "1-63031@172.25.182.171": {
                    "aparty": {
                        "audio": {
                            "k0": {
                                "ip": "172.25.182.171",
                                "port": "6001",
                                "pt": "0",
                                "description": "PCMU\/8000",
                                "branch": "z9hG4bK-63031-1-0"
                            }
                        },
                        "video": [
                            
                        ],
                        "metric": {
                            "start": 1469011983470,
                            "end": 1469011983477,
                            "duration": 7
                        }
                    },
                    "bparty": {
                        "audio": {
                            "k0": {
                                "ip": "172.25.182.171",
                                "port": "6000",
                                "pt": "0",
                                "description": "PCMU\/8000",
                                "branch": "z9hG4bK-63031-1-0"
                            }
                        }
                    }
                }
            },
            "main": {
                "duration": 7
            }
        },
        "reports": [
            
        ]
    },
    "count": 2
}