{
  "status": "200",
  "sid": "hoh9djt39b7v2kert87epkala2",
  "auth": true,
  "message": "ok",
  "data": {
    "info": null,
    "hosts": {
      "10.109.16.18:5060": {
        "position": 1,
        "hosts": [
          {
            "10.109.16.18:5060": "1"
          }
        ]
      },
      "172.25.182.172:5060": {
        "position": 0,
        "hosts": [
          {
            "172.25.182.172:5060": "0"
          }
        ]
      }
    },
    "uac": {
      "172.25.182.172:5060": {
        "image": "sipgateway",
        "agent": ""
      },
      "10.109.16.18:5060": {
        "image": "sipgateway",
        "agent": ""
      }
    },
    "rtpinfo": [],
    "calldata": [
      {
        "protocol": "SIP",
        "call_id": "5c6cf9d74b6d8c2a15412a9776885945@172.25.182.172:5060",
        "ip_port": "172.25.182.172_18998",
        "frame_num": "4208",
        "method": "INVITE",
        "arrival_time": "Mon Aug 01 11:16:25 BST 2016",
        "epoch_time": "1470046585507",
        "source_ip": "172.25.182.172",
        "destination_ip": "10.109.16.18",
        "source_port": "5060",
        "destination_port": "5060",
        "type_of_request": "INVITE",
        "requesturi": "sip:moiz@10.55.124.151:5060;transport=udp;registering_acc=172_25_182_172",
        "source_host": "moiz@10.55.124.151:5060;transport=udp;registering_acc=172_25_182_172",
        "status_code": "null",
        "via": "SIP/2.0/UDP 172.25.182.172:5060;branch=z9hG4bK23dd53fd;rport",
        "max_fordwords": "70",
        "contact": "<sip:vikram@172.25.182.172:5060>",
        "to_": "<sip:moiz@10.55.124.151:5060;transport=udp;registering_acc=172_25_182_172>",
        "from_": "\"vikram\" <sip:vikram@172.25.182.172>;tag=as67ff9bd8",
        "sourcephonenumber": "vikram",
        "detinationphonenumber": "moiz",
        "cseq": "102 INVITE",
        "allow_": "null",
        "content_type": "application/sdp",
        "user_agent": "Asterisk PBX 11.23.0",
        "content_length": "287",
        "owner_creator": "root 1603626549 1603626549 IN IP4 172.25.182.172",
        "sessionid": "0",
        "session_name": "Asterisk PBX 11.23.0",
        "connection_info": "IN IP4 172.25.182.172",
        "time_desc": "0 0",
        "media_desc": "audio 18998 RTP/AVP 3 0 8 101",
        "node": "homer01:2001",
        "dbnode": "single",
        "src_id": "172.25.182.172:5060",
        "dst_id": "10.109.16.18:5060",
        "milli_ts": 1469011983477,
        "method_text": "INVITE  (SDP)",
        "msg_color": "blue",
        "destination": 1
      },
      {
        "protocol": "SIP",
        "call_id": "5c6cf9d74b6d8c2a15412a9776885945@172.25.182.172:5060",
        "ip_port": "null",
        "frame_num": "4209",
        "method": "INVITE",
        "arrival_time": "Mon Aug 01 11:16:25 BST 2016",
        "epoch_time": "1470046585767",
        "source_ip": "10.109.16.18",
        "destination_ip": "172.25.182.172",
        "source_port": "5060",
        "destination_port": "5060",
        "type_of_request": "null",
        "requesturi": "null",
        "source_host": "null",
        "status_code": "180",
        "via": "SIP/2.0/UDP 172.25.182.172:5060;branch=z9hG4bK23dd53fd;rport=5060;received=172.25.182.172",
        "max_fordwords": "null",
        "contact": "\"moiz\" <sip:moiz@10.109.16.18:5060;transport=udp;registering_acc=172_25_182_172>",
        "to_": "<sip:moiz@10.55.124.151:5060;transport=udp;registering_acc=172_25_182_172>;tag=1bc98545",
        "from_": "\"vikram\" <sip:vikram@172.25.182.172>;tag=as67ff9bd8",
        "sourcephonenumber": "vikram",
        "detinationphonenumber": "moiz",
        "cseq": "102 INVITE",
        "allow_": "null",
        "content_type": "null",
        "user_agent": "Jitsi2.4.4997Windows 7",
        "content_length": "0",
        "owner_creator": "root 1603626549 1603626549 IN IP4 172.25.182.172",
        "sessionid": "0",
        "session_name": "Asterisk PBX 11.23.0",
        "connection_info": "IN IP4 172.25.182.172",
        "time_desc": "0 0",
        "media_desc": "audio 18998 RTP/AVP 3 0 8 101",
        "node": "homer01:2001",
        "dbnode": "single",
        "src_id": "10.109.16.18:5060",
        "dst_id": "172.25.182.172:5060",
        "milli_ts": 1469011983477,
        "method_text": "180 Ringing",
        "msg_color": "blue",
        "destination": 2
      },
      {
        "protocol": "SIP",
        "call_id": "5c6cf9d74b6d8c2a15412a9776885945@172.25.182.172:5060",
        "ip_port": "null",
        "frame_num": "4221",
        "method": "INVITE",
        "arrival_time": "Mon Aug 01 11:16:26 BST 2016",
        "epoch_time": "1470046586342",
        "source_ip": "10.109.16.18",
        "destination_ip": "172.25.182.172",
        "source_port": "5060",
        "destination_port": "5060",
        "type_of_request": "null",
        "requesturi": "null",
        "source_host": "null",
        "status_code": "180",
        "via": "SIP/2.0/UDP 172.25.182.172:5060;branch=z9hG4bK23dd53fd;rport=5060;received=172.25.182.172",
        "max_fordwords": "null",
        "contact": "\"moiz\" <sip:moiz@10.109.16.18:5060;transport=udp;registering_acc=172_25_182_172>",
        "to_": "<sip:moiz@10.55.124.151:5060;transport=udp;registering_acc=172_25_182_172>;tag=1bc98545",
        "from_": "\"vikram\" <sip:vikram@172.25.182.172>;tag=as67ff9bd8",
        "sourcephonenumber": "vikram",
        "detinationphonenumber": "moiz",
        "cseq": "102 INVITE",
        "allow_": "null",
        "content_type": "null",
        "user_agent": "Jitsi2.4.4997Windows 7",
        "content_length": "0",
        "owner_creator": "root 1603626549 1603626549 IN IP4 172.25.182.172",
        "sessionid": "0",
        "session_name": "Asterisk PBX 11.23.0",
        "connection_info": "IN IP4 172.25.182.172",
        "time_desc": "0 0",
        "media_desc": "audio 18998 RTP/AVP 3 0 8 101",
        "node": "homer01:2001",
        "dbnode": "single",
        "src_id": "10.109.16.18:5060",
        "dst_id": "172.25.182.172:5060",
        "milli_ts": 1469011983477,
        "method_text": "180 Ringing",
        "msg_color": "blue",
        "destination": 2
      },
      {
        "protocol": "SIP",
        "call_id": "5c6cf9d74b6d8c2a15412a9776885945@172.25.182.172:5060",
        "ip_port": "null",
        "frame_num": "4242",
        "method": "INVITE",
        "arrival_time": "Mon Aug 01 11:16:27 BST 2016",
        "epoch_time": "1470046587256",
        "source_ip": "10.109.16.18",
        "destination_ip": "172.25.182.172",
        "source_port": "5060",
        "destination_port": "5060",
        "type_of_request": "null",
        "requesturi": "null",
        "source_host": "null",
        "status_code": "180",
        "via": "SIP/2.0/UDP 172.25.182.172:5060;branch=z9hG4bK23dd53fd;rport=5060;received=172.25.182.172",
        "max_fordwords": "null",
        "contact": "\"moiz\" <sip:moiz@10.109.16.18:5060;transport=udp;registering_acc=172_25_182_172>",
        "to_": "<sip:moiz@10.55.124.151:5060;transport=udp;registering_acc=172_25_182_172>;tag=1bc98545",
        "from_": "\"vikram\" <sip:vikram@172.25.182.172>;tag=as67ff9bd8",
        "sourcephonenumber": "vikram",
        "detinationphonenumber": "moiz",
        "cseq": "102 INVITE",
        "allow_": "null",
        "content_type": "null",
        "user_agent": "Jitsi2.4.4997Windows 7",
        "content_length": "0",
        "owner_creator": "root 1603626549 1603626549 IN IP4 172.25.182.172",
        "sessionid": "0",
        "session_name": "Asterisk PBX 11.23.0",
        "connection_info": "IN IP4 172.25.182.172",
        "time_desc": "0 0",
        "media_desc": "audio 18998 RTP/AVP 3 0 8 101",
        "node": "homer01:2001",
        "dbnode": "single",
        "src_id": "10.109.16.18:5060",
        "dst_id": "172.25.182.172:5060",
        "milli_ts": 1469011983477,
        "method_text": "180 Ringing",
        "msg_color": "blue",
        "destination": 2
      },
      {
        "protocol": "SIP",
        "call_id": "5c6cf9d74b6d8c2a15412a9776885945@172.25.182.172:5060",
        "ip_port": "null",
        "frame_num": "4273",
        "method": "ACK",
        "arrival_time": "Mon Aug 01 11:16:28 BST 2016",
        "epoch_time": "1470046588312",
        "source_ip": "172.25.182.172",
        "destination_ip": "10.109.16.18",
        "source_port": "5060",
        "destination_port": "5060",
        "type_of_request": "ACK",
        "requesturi": "sip:moiz@10.109.16.18:5060;transport=udp;registering_acc=172_25_182_172",
        "source_host": "moiz@10.109.16.18:5060;transport=udp;registering_acc=172_25_182_172",
        "status_code": "null",
        "via": "SIP/2.0/UDP 172.25.182.172:5060;branch=z9hG4bK2bdb8c67;rport",
        "max_fordwords": "70",
        "contact": "<sip:vikram@172.25.182.172:5060>",
        "to_": "<sip:moiz@10.55.124.151:5060;transport=udp;registering_acc=172_25_182_172>;tag=1bc98545",
        "from_": "\"vikram\" <sip:vikram@172.25.182.172>;tag=as67ff9bd8",
        "sourcephonenumber": "vikram",
        "detinationphonenumber": "moiz",
        "cseq": "102 ACK",
        "allow_": "null",
        "content_type": "null",
        "user_agent": "Asterisk PBX 11.23.0",
        "content_length": "0",
        "owner_creator": "root 1603626549 1603626549 IN IP4 172.25.182.172",
        "sessionid": "0",
        "session_name": "Asterisk PBX 11.23.0",
        "connection_info": "IN IP4 172.25.182.172",
        "time_desc": "0 0",
        "media_desc": "audio 18998 RTP/AVP 3 0 8 101",
        "node": "homer01:2001",
        "dbnode": "single",
        "src_id": "172.25.182.172:5060",
        "dst_id": "10.109.16.18:5060",
        "milli_ts": 1469011983477,
        "method_text": "ACK",
        "msg_color": "blue",
        "destination": 1
      },
      {
        "protocol": "SIP",
        "call_id": "5c6cf9d74b6d8c2a15412a9776885945@172.25.182.172:5060",
        "ip_port": "null",
        "frame_num": "9193",
        "method": "BYE",
        "arrival_time": "Mon Aug 01 11:16:51 BST 2016",
        "epoch_time": "1470046611910",
        "source_ip": "172.25.182.172",
        "destination_ip": "10.109.16.18",
        "source_port": "5060",
        "destination_port": "5060",
        "type_of_request": "BYE",
        "requesturi": "sip:moiz@10.109.16.18:5060;transport=udp;registering_acc=172_25_182_172",
        "source_host": "moiz@10.109.16.18:5060;transport=udp;registering_acc=172_25_182_172",
        "status_code": "null",
        "via": "SIP/2.0/UDP 172.25.182.172:5060;branch=z9hG4bK410d2189;rport",
        "max_fordwords": "70",
        "contact": "null",
        "to_": "<sip:moiz@10.55.124.151:5060;transport=udp;registering_acc=172_25_182_172>;tag=1bc98545",
        "from_": "\"vikram\" <sip:vikram@172.25.182.172>;tag=as67ff9bd8",
        "sourcephonenumber": "vikram",
        "detinationphonenumber": "moiz",
        "cseq": "103 BYE",
        "allow_": "null",
        "content_type": "null",
        "user_agent": "Asterisk PBX 11.23.0",
        "content_length": "0",
        "owner_creator": "root 1932183993 1932183993 IN IP4 172.25.182.172",
        "sessionid": "0",
        "session_name": "Asterisk PBX 11.23.0",
        "connection_info": "IN IP4 172.25.182.172",
        "time_desc": "0 0",
        "media_desc": "video 0 RTP/AVP 96 99",
        "node": "homer01:2001",
        "dbnode": "single",
        "src_id": "172.25.182.172:5060",
        "dst_id": "10.109.16.18:5060",
        "milli_ts": 1469011983477,
        "method_text": "BYE",
        "msg_color": "blue",
        "destination": 1
      },
      {
        "protocol": "SIP",
        "call_id": "5c6cf9d74b6d8c2a15412a9776885945@172.25.182.172:5060",
        "ip_port": "null",
        "frame_num": "9223",
        "method": "BYE",
        "arrival_time": "Mon Aug 01 11:16:52 BST 2016",
        "epoch_time": "1470046612099",
        "source_ip": "10.109.16.18",
        "destination_ip": "172.25.182.172",
        "source_port": "5060",
        "destination_port": "5060",
        "type_of_request": "null",
        "requesturi": "null",
        "source_host": "null",
        "status_code": "200",
        "via": "SIP/2.0/UDP 172.25.182.172:5060;branch=z9hG4bK410d2189;rport=5060;received=172.25.182.172",
        "max_fordwords": "null",
        "contact": "\"moiz\" <sip:moiz@10.109.16.18:5060;transport=udp;registering_acc=172_25_182_172>",
        "to_": "<sip:moiz@10.55.124.151:5060;transport=udp;registering_acc=172_25_182_172>;tag=1bc98545",
        "from_": "\"vikram\" <sip:vikram@172.25.182.172>;tag=as67ff9bd8",
        "sourcephonenumber": "vikram",
        "detinationphonenumber": "moiz",
        "cseq": "103 BYE",
        "allow_": "null",
        "content_type": "null",
        "user_agent": "Jitsi2.4.4997Windows 7",
        "content_length": "0",
        "owner_creator": "root 1932183993 1932183993 IN IP4 172.25.182.172",
        "sessionid": "0",
        "session_name": "Asterisk PBX 11.23.0",
        "connection_info": "IN IP4 172.25.182.172",
        "time_desc": "0 0",
        "media_desc": "video 0 RTP/AVP 96 99",
        "node": "homer01:2001",
        "dbnode": "single",
        "src_id": "10.109.16.18:5060",
        "dst_id": "172.25.182.172:5060",
        "milli_ts": 1469011983477,
        "method_text": "200 OK",
        "msg_color": "green",
        "destination": 2
      },
      {
        "protocol": "SIP",
        "call_id": "5c6cf9d74b6d8c2a15412a9776885945@172.25.182.172:5060",
        "ip_port": "172.25.182.172_18998",
        "frame_num": "4208",
        "method": "INVITE",
        "arrival_time": "Mon Aug 01 11:16:25 BST 2016",
        "epoch_time": "1470046585507",
        "source_ip": "172.25.182.172",
        "destination_ip": "10.109.16.18",
        "source_port": "5060",
        "destination_port": "5060",
        "type_of_request": "INVITE",
        "requesturi": "sip:moiz@10.55.124.151:5060;transport=udp;registering_acc=172_25_182_172",
        "source_host": "moiz@10.55.124.151:5060;transport=udp;registering_acc=172_25_182_172",
        "status_code": "null",
        "via": "SIP/2.0/UDP 172.25.182.172:5060;branch=z9hG4bK23dd53fd;rport",
        "max_fordwords": "70",
        "contact": "<sip:vikram@172.25.182.172:5060>",
        "to_": "<sip:moiz@10.55.124.151:5060;transport=udp;registering_acc=172_25_182_172>",
        "from_": "\"vikram\" <sip:vikram@172.25.182.172>;tag=as67ff9bd8",
        "sourcephonenumber": "vikram",
        "detinationphonenumber": "moiz",
        "cseq": "102 INVITE",
        "allow_": "null",
        "content_type": "application/sdp",
        "user_agent": "Asterisk PBX 11.23.0",
        "content_length": "287",
        "owner_creator": "root 1603626549 1603626549 IN IP4 172.25.182.172",
        "sessionid": "0",
        "session_name": "Asterisk PBX 11.23.0",
        "connection_info": "IN IP4 172.25.182.172",
        "time_desc": "0 0",
        "media_desc": "audio 18998 RTP/AVP 3 0 8 101",
        "node": "homer01:2001",
        "dbnode": "single",
        "src_id": "172.25.182.172:5060",
        "dst_id": "10.109.16.18:5060",
        "milli_ts": 1469011983477,
        "method_text": "INVITE  (SDP)",
        "msg_color": "blue",
        "destination": 1
      },
      {
        "protocol": "SIP",
        "call_id": "5c6cf9d74b6d8c2a15412a9776885945@172.25.182.172:5060",
        "ip_port": "null",
        "frame_num": "4209",
        "method": "INVITE",
        "arrival_time": "Mon Aug 01 11:16:25 BST 2016",
        "epoch_time": "1470046585767",
        "source_ip": "10.109.16.18",
        "destination_ip": "172.25.182.172",
        "source_port": "5060",
        "destination_port": "5060",
        "type_of_request": "null",
        "requesturi": "null",
        "source_host": "null",
        "status_code": "180",
        "via": "SIP/2.0/UDP 172.25.182.172:5060;branch=z9hG4bK23dd53fd;rport=5060;received=172.25.182.172",
        "max_fordwords": "null",
        "contact": "\"moiz\" <sip:moiz@10.109.16.18:5060;transport=udp;registering_acc=172_25_182_172>",
        "to_": "<sip:moiz@10.55.124.151:5060;transport=udp;registering_acc=172_25_182_172>;tag=1bc98545",
        "from_": "\"vikram\" <sip:vikram@172.25.182.172>;tag=as67ff9bd8",
        "sourcephonenumber": "vikram",
        "detinationphonenumber": "moiz",
        "cseq": "102 INVITE",
        "allow_": "null",
        "content_type": "null",
        "user_agent": "Jitsi2.4.4997Windows 7",
        "content_length": "0",
        "owner_creator": "root 1603626549 1603626549 IN IP4 172.25.182.172",
        "sessionid": "0",
        "session_name": "Asterisk PBX 11.23.0",
        "connection_info": "IN IP4 172.25.182.172",
        "time_desc": "0 0",
        "media_desc": "audio 18998 RTP/AVP 3 0 8 101",
        "node": "homer01:2001",
        "dbnode": "single",
        "src_id": "10.109.16.18:5060",
        "dst_id": "172.25.182.172:5060",
        "milli_ts": 1469011983477,
        "method_text": "180 Ringing",
        "msg_color": "blue",
        "destination": 2
      },
      {
        "protocol": "SIP",
        "call_id": "5c6cf9d74b6d8c2a15412a9776885945@172.25.182.172:5060",
        "ip_port": "null",
        "frame_num": "4221",
        "method": "INVITE",
        "arrival_time": "Mon Aug 01 11:16:26 BST 2016",
        "epoch_time": "1470046586342",
        "source_ip": "10.109.16.18",
        "destination_ip": "172.25.182.172",
        "source_port": "5060",
        "destination_port": "5060",
        "type_of_request": "null",
        "requesturi": "null",
        "source_host": "null",
        "status_code": "180",
        "via": "SIP/2.0/UDP 172.25.182.172:5060;branch=z9hG4bK23dd53fd;rport=5060;received=172.25.182.172",
        "max_fordwords": "null",
        "contact": "\"moiz\" <sip:moiz@10.109.16.18:5060;transport=udp;registering_acc=172_25_182_172>",
        "to_": "<sip:moiz@10.55.124.151:5060;transport=udp;registering_acc=172_25_182_172>;tag=1bc98545",
        "from_": "\"vikram\" <sip:vikram@172.25.182.172>;tag=as67ff9bd8",
        "sourcephonenumber": "vikram",
        "detinationphonenumber": "moiz",
        "cseq": "102 INVITE",
        "allow_": "null",
        "content_type": "null",
        "user_agent": "Jitsi2.4.4997Windows 7",
        "content_length": "0",
        "owner_creator": "root 1603626549 1603626549 IN IP4 172.25.182.172",
        "sessionid": "0",
        "session_name": "Asterisk PBX 11.23.0",
        "connection_info": "IN IP4 172.25.182.172",
        "time_desc": "0 0",
        "media_desc": "audio 18998 RTP/AVP 3 0 8 101",
        "node": "homer01:2001",
        "dbnode": "single",
        "src_id": "10.109.16.18:5060",
        "dst_id": "172.25.182.172:5060",
        "milli_ts": 1469011983477,
        "method_text": "180 Ringing",
        "msg_color": "blue",
        "destination": 2
      },
      {
        "protocol": "SIP",
        "call_id": "5c6cf9d74b6d8c2a15412a9776885945@172.25.182.172:5060",
        "ip_port": "null",
        "frame_num": "4242",
        "method": "INVITE",
        "arrival_time": "Mon Aug 01 11:16:27 BST 2016",
        "epoch_time": "1470046587256",
        "source_ip": "10.109.16.18",
        "destination_ip": "172.25.182.172",
        "source_port": "5060",
        "destination_port": "5060",
        "type_of_request": "null",
        "requesturi": "null",
        "source_host": "null",
        "status_code": "180",
        "via": "SIP/2.0/UDP 172.25.182.172:5060;branch=z9hG4bK23dd53fd;rport=5060;received=172.25.182.172",
        "max_fordwords": "null",
        "contact": "\"moiz\" <sip:moiz@10.109.16.18:5060;transport=udp;registering_acc=172_25_182_172>",
        "to_": "<sip:moiz@10.55.124.151:5060;transport=udp;registering_acc=172_25_182_172>;tag=1bc98545",
        "from_": "\"vikram\" <sip:vikram@172.25.182.172>;tag=as67ff9bd8",
        "sourcephonenumber": "vikram",
        "detinationphonenumber": "moiz",
        "cseq": "102 INVITE",
        "allow_": "null",
        "content_type": "null",
        "user_agent": "Jitsi2.4.4997Windows 7",
        "content_length": "0",
        "owner_creator": "root 1603626549 1603626549 IN IP4 172.25.182.172",
        "sessionid": "0",
        "session_name": "Asterisk PBX 11.23.0",
        "connection_info": "IN IP4 172.25.182.172",
        "time_desc": "0 0",
        "media_desc": "audio 18998 RTP/AVP 3 0 8 101",
        "node": "homer01:2001",
        "dbnode": "single",
        "src_id": "10.109.16.18:5060",
        "dst_id": "172.25.182.172:5060",
        "milli_ts": 1469011983477,
        "method_text": "180 Ringing",
        "msg_color": "blue",
        "destination": 2
      },
      {
        "protocol": "SIP",
        "call_id": "5c6cf9d74b6d8c2a15412a9776885945@172.25.182.172:5060",
        "ip_port": "null",
        "frame_num": "4273",
        "method": "ACK",
        "arrival_time": "Mon Aug 01 11:16:28 BST 2016",
        "epoch_time": "1470046588312",
        "source_ip": "172.25.182.172",
        "destination_ip": "10.109.16.18",
        "source_port": "5060",
        "destination_port": "5060",
        "type_of_request": "ACK",
        "requesturi": "sip:moiz@10.109.16.18:5060;transport=udp;registering_acc=172_25_182_172",
        "source_host": "moiz@10.109.16.18:5060;transport=udp;registering_acc=172_25_182_172",
        "status_code": "null",
        "via": "SIP/2.0/UDP 172.25.182.172:5060;branch=z9hG4bK2bdb8c67;rport",
        "max_fordwords": "70",
        "contact": "<sip:vikram@172.25.182.172:5060>",
        "to_": "<sip:moiz@10.55.124.151:5060;transport=udp;registering_acc=172_25_182_172>;tag=1bc98545",
        "from_": "\"vikram\" <sip:vikram@172.25.182.172>;tag=as67ff9bd8",
        "sourcephonenumber": "vikram",
        "detinationphonenumber": "moiz",
        "cseq": "102 ACK",
        "allow_": "null",
        "content_type": "null",
        "user_agent": "Asterisk PBX 11.23.0",
        "content_length": "0",
        "owner_creator": "root 1603626549 1603626549 IN IP4 172.25.182.172",
        "sessionid": "0",
        "session_name": "Asterisk PBX 11.23.0",
        "connection_info": "IN IP4 172.25.182.172",
        "time_desc": "0 0",
        "media_desc": "audio 18998 RTP/AVP 3 0 8 101",
        "node": "homer01:2001",
        "dbnode": "single",
        "src_id": "172.25.182.172:5060",
        "dst_id": "10.109.16.18:5060",
        "milli_ts": 1469011983477,
        "method_text": "ACK",
        "msg_color": "blue",
        "destination": 1
      },
      {
        "protocol": "SIP",
        "call_id": "5c6cf9d74b6d8c2a15412a9776885945@172.25.182.172:5060",
        "ip_port": "null",
        "frame_num": "9193",
        "method": "BYE",
        "arrival_time": "Mon Aug 01 11:16:51 BST 2016",
        "epoch_time": "1470046611910",
        "source_ip": "172.25.182.172",
        "destination_ip": "10.109.16.18",
        "source_port": "5060",
        "destination_port": "5060",
        "type_of_request": "BYE",
        "requesturi": "sip:moiz@10.109.16.18:5060;transport=udp;registering_acc=172_25_182_172",
        "source_host": "moiz@10.109.16.18:5060;transport=udp;registering_acc=172_25_182_172",
        "status_code": "null",
        "via": "SIP/2.0/UDP 172.25.182.172:5060;branch=z9hG4bK410d2189;rport",
        "max_fordwords": "70",
        "contact": "null",
        "to_": "<sip:moiz@10.55.124.151:5060;transport=udp;registering_acc=172_25_182_172>;tag=1bc98545",
        "from_": "\"vikram\" <sip:vikram@172.25.182.172>;tag=as67ff9bd8",
        "sourcephonenumber": "vikram",
        "detinationphonenumber": "moiz",
        "cseq": "103 BYE",
        "allow_": "null",
        "content_type": "null",
        "user_agent": "Asterisk PBX 11.23.0",
        "content_length": "0",
        "owner_creator": "root 1932183993 1932183993 IN IP4 172.25.182.172",
        "sessionid": "0",
        "session_name": "Asterisk PBX 11.23.0",
        "connection_info": "IN IP4 172.25.182.172",
        "time_desc": "0 0",
        "media_desc": "video 0 RTP/AVP 96 99",
        "node": "homer01:2001",
        "dbnode": "single",
        "src_id": "172.25.182.172:5060",
        "dst_id": "10.109.16.18:5060",
        "milli_ts": 1469011983477,
        "method_text": "BYE",
        "msg_color": "blue",
        "destination": 1
      },
      {
        "protocol": "SIP",
        "call_id": "5c6cf9d74b6d8c2a15412a9776885945@172.25.182.172:5060",
        "ip_port": "null",
        "frame_num": "9223",
        "method": "BYE",
        "arrival_time": "Mon Aug 01 11:16:52 BST 2016",
        "epoch_time": "1470046612099",
        "source_ip": "10.109.16.18",
        "destination_ip": "172.25.182.172",
        "source_port": "5060",
        "destination_port": "5060",
        "type_of_request": "null",
        "requesturi": "null",
        "source_host": "null",
        "status_code": "200",
        "via": "SIP/2.0/UDP 172.25.182.172:5060;branch=z9hG4bK410d2189;rport=5060;received=172.25.182.172",
        "max_fordwords": "null",
        "contact": "\"moiz\" <sip:moiz@10.109.16.18:5060;transport=udp;registering_acc=172_25_182_172>",
        "to_": "<sip:moiz@10.55.124.151:5060;transport=udp;registering_acc=172_25_182_172>;tag=1bc98545",
        "from_": "\"vikram\" <sip:vikram@172.25.182.172>;tag=as67ff9bd8",
        "sourcephonenumber": "vikram",
        "detinationphonenumber": "moiz",
        "cseq": "103 BYE",
        "allow_": "null",
        "content_type": "null",
        "user_agent": "Jitsi2.4.4997Windows 7",
        "content_length": "0",
        "owner_creator": "root 1932183993 1932183993 IN IP4 172.25.182.172",
        "sessionid": "0",
        "session_name": "Asterisk PBX 11.23.0",
        "connection_info": "IN IP4 172.25.182.172",
        "time_desc": "0 0",
        "media_desc": "video 0 RTP/AVP 96 99",
        "node": "homer01:2001",
        "dbnode": "single",
        "src_id": "10.109.16.18:5060",
        "dst_id": "172.25.182.172:5060",
        "milli_ts": 1469011983477,
        "method_text": "200 OK",
        "msg_color": "green",
        "destination": 2
      }
    ],
    "count": 7
  },
  "count": 7
}