{
  "status": 200,
  "sid": "t9h28a5omr70r129v46bqpmpf6",
  "auth": "true",
  "message": "ok",
  "data": {
    "info": {
      "callid": [],
      "totdur": "00:00:00",
      "statuscall": 1
    },
    "hosts": {
      "127.0.0.1:5061": {
        "position": 0,
        "hosts": [
          {
            "127.0.0.1:5061": 0
          }
        ]
      },
      "127.0.0.1:5060": {
        "position": 1,
        "hosts": [
          {
            "127.0.0.1:5060": 1
          }
        ]
      }
    },
    "uac": {
      "127.0.0.1:5061": {
        "image": "sipgateway",
        "agent": ""
      },
      "127.0.0.1:5060": {
        "image": "sipgateway",
        "agent": ""
      }
    },
    "rtpinfo": [],
    "calldata": [
      {
        "protocol": "SIP",
        "call_id": "6af98249d675e553dd953e22ff40fc65@0:0:0:0:0:0:0:0",
        "ip_port": "10.109.35.196_5042",
        "frame_num": "28617",
        "status_mesg": "INVITE",
        "arrival_time": "Sat Jul 30 15:21:32 BST 2016",
        "epoch_time": "1469888492360",
        "source_ip": "10.109.35.196",
        "destination_ip": "172.25.182.172",
        "source_port": "5060",
        "destination_port": "5060",
        "type_of_request": "INVITE",
        "requesturi": "sip:1234@172.25.182.172",
        "source_host": "1234@172.25.182.172",
        "status_code": "null",
        "via": "SIP/2.0/UDP 10.109.35.196:5060;branch=z9hG4bK-333631-b361a2327ccc1866c058ccd0638494cc",
        "max_fordwords": "70",
        "contact": "\"vikram\" <sip:vikram@10.109.35.196:5060;transport=udp;registering_acc=172_25_182_172>",
        "to_": "<sip:1234@172.25.182.172>",
        "from_": "\"vikram\" <sip:vikram@172.25.182.172>;tag=3756091e",
        "sourcephonenumber": "vikram",
        "detinationphonenumber": "1234",
        "cseq": "1 INVITE",
        "allow_": "null",
        "content_type": "application/sdp",
        "user_agent": "Jitsi2.4.4997Windows 7",
        "content_length": "458",
        "owner_creator": "vikram 0 0 IN IP4 10.109.35.196",
        "sessionid": "0",
        "session_name": "-",
        "connection_info": "IN IP4 10.109.35.196",
        "time_desc": "0 0",
        "media_desc": "video 5042 RTP/AVP 96 99"
      },
      {
        "protocol": "SIP",
        "call_id": "6af98249d675e553dd953e22ff40fc65@0:0:0:0:0:0:0:0",
        "ip_port": "null",
        "frame_num": "28618",
        "status_mesg": "INVITE",
        "arrival_time": "Sat Jul 30 15:21:32 BST 2016",
        "epoch_time": "1469888492360",
        "source_ip": "172.25.182.172",
        "destination_ip": "10.109.35.196",
        "source_port": "5060",
        "destination_port": "5060",
        "type_of_request": "null",
        "requesturi": "null",
        "source_host": "null",
        "status_code": "401",
        "via": "SIP/2.0/UDP 10.109.35.196:5060;branch=z9hG4bK-333631-b361a2327ccc1866c058ccd0638494cc;received=10.109.35.196;rport=5060",
        "max_fordwords": "null",
        "contact": "null",
        "to_": "<sip:1234@172.25.182.172>;tag=as7da03a5a",
        "from_": "\"vikram\" <sip:vikram@172.25.182.172>;tag=3756091e",
        "sourcephonenumber": "vikram",
        "detinationphonenumber": "1234",
        "cseq": "1 INVITE",
        "allow_": "null",
        "content_type": "null",
        "user_agent": "null",
        "content_length": "0",
        "owner_creator": "vikram 0 0 IN IP4 10.109.35.196",
        "sessionid": "0",
        "session_name": "-",
        "connection_info": "IN IP4 10.109.35.196",
        "time_desc": "0 0",
        "media_desc": "video 5042 RTP/AVP 96 99"
      },
      {
        "protocol": "SIP",
        "call_id": "6af98249d675e553dd953e22ff40fc65@0:0:0:0:0:0:0:0",
        "ip_port": "null",
        "frame_num": "28625",
        "status_mesg": "ACK",
        "arrival_time": "Sat Jul 30 15:21:32 BST 2016",
        "epoch_time": "1469888492717",
        "source_ip": "10.109.35.196",
        "destination_ip": "172.25.182.172",
        "source_port": "5060",
        "destination_port": "5060",
        "type_of_request": "ACK",
        "requesturi": "sip:1234@172.25.182.172",
        "source_host": "1234@172.25.182.172",
        "status_code": "null",
        "via": "SIP/2.0/UDP 10.109.35.196:5060;branch=z9hG4bK-333631-b361a2327ccc1866c058ccd0638494cc",
        "max_fordwords": "70",
        "contact": "null",
        "to_": "<sip:1234@172.25.182.172>;tag=as7da03a5a",
        "from_": "\"vikram\" <sip:vikram@172.25.182.172>;tag=3756091e",
        "sourcephonenumber": "vikram",
        "detinationphonenumber": "1234",
        "cseq": "1 ACK",
        "allow_": "null",
        "content_type": "null",
        "user_agent": "null",
        "content_length": "0",
        "owner_creator": "vikram 0 0 IN IP4 10.109.35.196",
        "sessionid": "0",
        "session_name": "-",
        "connection_info": "IN IP4 10.109.35.196",
        "time_desc": "0 0",
        "media_desc": "video 5042 RTP/AVP 96 99"
      },
      {
        "protocol": "SIP",
        "call_id": "6af98249d675e553dd953e22ff40fc65@0:0:0:0:0:0:0:0",
        "ip_port": "10.109.35.196_5042",
        "frame_num": "28626",
        "status_mesg": "INVITE",
        "arrival_time": "Sat Jul 30 15:21:32 BST 2016",
        "epoch_time": "1469888492717",
        "source_ip": "10.109.35.196",
        "destination_ip": "172.25.182.172",
        "source_port": "5060",
        "destination_port": "5060",
        "type_of_request": "INVITE",
        "requesturi": "sip:1234@172.25.182.172",
        "source_host": "1234@172.25.182.172",
        "status_code": "null",
        "via": "SIP/2.0/UDP 10.109.35.196:5060;branch=z9hG4bK-333631-05b22cf10c2461cb8ed85f54c0fb3566",
        "max_fordwords": "70",
        "contact": "\"vikram\" <sip:vikram@10.109.35.196:5060;transport=udp;registering_acc=172_25_182_172>",
        "to_": "<sip:1234@172.25.182.172>",
        "from_": "\"vikram\" <sip:vikram@172.25.182.172>;tag=3756091e",
        "sourcephonenumber": "vikram",
        "detinationphonenumber": "1234",
        "cseq": "2 INVITE",
        "allow_": "null",
        "content_type": "application/sdp",
        "user_agent": "Jitsi2.4.4997Windows 7",
        "content_length": "458",
        "owner_creator": "vikram 0 0 IN IP4 10.109.35.196",
        "sessionid": "0",
        "session_name": "-",
        "connection_info": "IN IP4 10.109.35.196",
        "time_desc": "0 0",
        "media_desc": "video 5042 RTP/AVP 96 99"
      },
      {
        "protocol": "SIP",
        "call_id": "6af98249d675e553dd953e22ff40fc65@0:0:0:0:0:0:0:0",
        "ip_port": "null",
        "frame_num": "28627",
        "status_mesg": "INVITE",
        "arrival_time": "Sat Jul 30 15:21:32 BST 2016",
        "epoch_time": "1469888492718",
        "source_ip": "172.25.182.172",
        "destination_ip": "10.109.35.196",
        "source_port": "5060",
        "destination_port": "5060",
        "type_of_request": "null",
        "requesturi": "null",
        "source_host": "null",
        "status_code": "100",
        "via": "SIP/2.0/UDP 10.109.35.196:5060;branch=z9hG4bK-333631-05b22cf10c2461cb8ed85f54c0fb3566;received=10.109.35.196;rport=5060",
        "max_fordwords": "null",
        "contact": "<sip:1234@172.25.182.172:5060>",
        "to_": "<sip:1234@172.25.182.172>",
        "from_": "\"vikram\" <sip:vikram@172.25.182.172>;tag=3756091e",
        "sourcephonenumber": "vikram",
        "detinationphonenumber": "1234",
        "cseq": "2 INVITE",
        "allow_": "null",
        "content_type": "null",
        "user_agent": "null",
        "content_length": "0",
        "owner_creator": "vikram 0 0 IN IP4 10.109.35.196",
        "sessionid": "0",
        "session_name": "-",
        "connection_info": "IN IP4 10.109.35.196",
        "time_desc": "0 0",
        "media_desc": "video 5042 RTP/AVP 96 99"
      },
      {
        "protocol": "SIP",
        "call_id": "6af98249d675e553dd953e22ff40fc65@0:0:0:0:0:0:0:0",
        "ip_port": "null",
        "frame_num": "28633",
        "status_mesg": "INVITE",
        "arrival_time": "Sat Jul 30 15:21:33 BST 2016",
        "epoch_time": "1469888493031",
        "source_ip": "172.25.182.172",
        "destination_ip": "10.109.35.196",
        "source_port": "5060",
        "destination_port": "5060",
        "type_of_request": "null",
        "requesturi": "null",
        "source_host": "null",
        "status_code": "180",
        "via": "SIP/2.0/UDP 10.109.35.196:5060;branch=z9hG4bK-333631-05b22cf10c2461cb8ed85f54c0fb3566;received=10.109.35.196;rport=5060",
        "max_fordwords": "null",
        "contact": "<sip:1234@172.25.182.172:5060>",
        "to_": "<sip:1234@172.25.182.172>;tag=as4bcb10b9",
        "from_": "\"vikram\" <sip:vikram@172.25.182.172>;tag=3756091e",
        "sourcephonenumber": "vikram",
        "detinationphonenumber": "1234",
        "cseq": "2 INVITE",
        "allow_": "null",
        "content_type": "null",
        "user_agent": "null",
        "content_length": "0",
        "owner_creator": "root 889942568 889942568 IN IP4 172.25.182.172",
        "sessionid": "0",
        "session_name": "Asterisk PBX 11.23.0",
        "connection_info": "IN IP4 172.25.182.172",
        "time_desc": "0 0",
        "media_desc": "audio 14252 RTP/AVP 3 0 8 101"
      },
      {
        "protocol": "SIP",
        "call_id": "6af98249d675e553dd953e22ff40fc65@0:0:0:0:0:0:0:0",
        "ip_port": "172.25.182.172_0",
        "frame_num": "28689",
        "status_mesg": "INVITE",
        "arrival_time": "Sat Jul 30 15:21:35 BST 2016",
        "epoch_time": "1469888495855",
        "source_ip": "172.25.182.172",
        "destination_ip": "10.109.35.196",
        "source_port": "5060",
        "destination_port": "5060",
        "type_of_request": "null",
        "requesturi": "null",
        "source_host": "null",
        "status_code": "200",
        "via": "SIP/2.0/UDP 10.109.35.196:5060;branch=z9hG4bK-333631-05b22cf10c2461cb8ed85f54c0fb3566;received=10.109.35.196;rport=5060",
        "max_fordwords": "null",
        "contact": "<sip:1234@172.25.182.172:5060>",
        "to_": "<sip:1234@172.25.182.172>;tag=as4bcb10b9",
        "from_": "\"vikram\" <sip:vikram@172.25.182.172>;tag=3756091e",
        "sourcephonenumber": "vikram",
        "detinationphonenumber": "1234",
        "cseq": "2 INVITE",
        "allow_": "null",
        "content_type": "application/sdp",
        "user_agent": "null",
        "content_length": "208",
        "owner_creator": "root 1722422786 1722422786 IN IP4 172.25.182.172",
        "sessionid": "0",
        "session_name": "Asterisk PBX 11.23.0",
        "connection_info": "IN IP4 172.25.182.172",
        "time_desc": "0 0",
        "media_desc": "video 0 RTP/AVP 96 99"
      },
      {
        "protocol": "SIP",
        "call_id": "6af98249d675e553dd953e22ff40fc65@0:0:0:0:0:0:0:0",
        "ip_port": "null",
        "frame_num": "28707",
        "status_mesg": "ACK",
        "arrival_time": "Sat Jul 30 15:21:36 BST 2016",
        "epoch_time": "1469888496123",
        "source_ip": "10.109.35.196",
        "destination_ip": "172.25.182.172",
        "source_port": "5060",
        "destination_port": "5060",
        "type_of_request": "ACK",
        "requesturi": "sip:1234@172.25.182.172:5060",
        "source_host": "1234@172.25.182.172:5060",
        "status_code": "null",
        "via": "SIP/2.0/UDP 10.109.35.196:5060;branch=z9hG4bK-333631-4510e435fc8d1cf9904745bd75c39e79",
        "max_fordwords": "70",
        "contact": "\"vikram\" <sip:vikram@10.109.35.196:5060;transport=udp;registering_acc=172_25_182_172>",
        "to_": "<sip:1234@172.25.182.172>;tag=as4bcb10b9",
        "from_": "\"vikram\" <sip:vikram@172.25.182.172>;tag=3756091e",
        "sourcephonenumber": "vikram",
        "detinationphonenumber": "1234",
        "cseq": "2 ACK",
        "allow_": "null",
        "content_type": "null",
        "user_agent": "Jitsi2.4.4997Windows 7",
        "content_length": "0",
        "owner_creator": "root 1722422786 1722422786 IN IP4 172.25.182.172",
        "sessionid": "0",
        "session_name": "Asterisk PBX 11.23.0",
        "connection_info": "IN IP4 172.25.182.172",
        "time_desc": "0 0",
        "media_desc": "video 0 RTP/AVP 96 99"
      },
      {
        "protocol": "SIP",
        "call_id": "6af98249d675e553dd953e22ff40fc65@0:0:0:0:0:0:0:0",
        "ip_port": "null",
        "frame_num": "31020",
        "status_mesg": "BYE",
        "arrival_time": "Sat Jul 30 15:21:46 BST 2016",
        "epoch_time": "1469888506739",
        "source_ip": "10.109.35.196",
        "destination_ip": "172.25.182.172",
        "source_port": "5060",
        "destination_port": "5060",
        "type_of_request": "BYE",
        "requesturi": "sip:1234@172.25.182.172:5060",
        "source_host": "1234@172.25.182.172:5060",
        "status_code": "null",
        "via": "SIP/2.0/UDP 10.109.35.196:5060;branch=z9hG4bK-333631-cdf5fb8aab0d042bc3407a73c7140228",
        "max_fordwords": "70",
        "contact": "\"vikram\" <sip:vikram@10.109.35.196:5060;transport=udp;registering_acc=172_25_182_172>",
        "to_": "<sip:1234@172.25.182.172>;tag=as4bcb10b9",
        "from_": "\"vikram\" <sip:vikram@172.25.182.172>;tag=3756091e",
        "sourcephonenumber": "vikram",
        "detinationphonenumber": "1234",
        "cseq": "3 BYE",
        "allow_": "null",
        "content_type": "null",
        "user_agent": "Jitsi2.4.4997Windows 7",
        "content_length": "0",
        "owner_creator": "root 1722422786 1722422786 IN IP4 172.25.182.172",
        "sessionid": "0",
        "session_name": "Asterisk PBX 11.23.0",
        "connection_info": "IN IP4 172.25.182.172",
        "time_desc": "0 0",
        "media_desc": "video 0 RTP/AVP 96 99"
      },
      {
        "protocol": "SIP",
        "call_id": "6af98249d675e553dd953e22ff40fc65@0:0:0:0:0:0:0:0",
        "ip_port": "null",
        "frame_num": "31022",
        "status_mesg": "BYE",
        "arrival_time": "Sat Jul 30 15:21:46 BST 2016",
        "epoch_time": "1469888506739",
        "source_ip": "172.25.182.172",
        "destination_ip": "10.109.35.196",
        "source_port": "5060",
        "destination_port": "5060",
        "type_of_request": "null",
        "requesturi": "null",
        "source_host": "null",
        "status_code": "200",
        "via": "SIP/2.0/UDP 10.109.35.196:5060;branch=z9hG4bK-333631-cdf5fb8aab0d042bc3407a73c7140228;received=10.109.35.196;rport=5060",
        "max_fordwords": "null",
        "contact": "null",
        "to_": "<sip:1234@172.25.182.172>;tag=as4bcb10b9",
        "from_": "\"vikram\" <sip:vikram@172.25.182.172>;tag=3756091e",
        "sourcephonenumber": "vikram",
        "detinationphonenumber": "1234",
        "cseq": "3 BYE",
        "allow_": "null",
        "content_type": "null",
        "user_agent": "null",
        "content_length": "0",
        "owner_creator": "root 1722422786 1722422786 IN IP4 172.25.182.172",
        "sessionid": "0",
        "session_name": "Asterisk PBX 11.23.0",
        "connection_info": "IN IP4 172.25.182.172",
        "time_desc": "0 0",
        "media_desc": "video 0 RTP/AVP 96 99"
      }
    ],
    "count": 6
  },
  "count": 6
}