{"title":"Alarms","structure":"12","rows":[{"columns":[{"styleClass":"col-md-12","widgets":[{"type":"sipcaptureChart","config":{"chart":{"size":{"height":100},"library":{"id":4,"label":"Flot","value":"flot"},"type":{"id":3,"label":"Area spline","value":"areaspline"},"ccc":"red"},"panel":{"datasource":{"name":"Alarms","type":"JSON","settings":{"path":"statistic/alarm","query":"{\n   \"timestamp\": {\n          \"from\": \"@from_ts\",\n          \"to\":  \"@to_ts\"\n   },\n  \"param\": {\n        \"filter\": [ \n             \"@filters\"\n       ],\n       \"limit\": \"@limit\",\n       \"total\": \"@total\"\n   }\n}","method":"GET","limit":200,"total":false,"eval":{"incoming":{"name":"test incoming","value":"var object = @incoming; return object"}},"timefields":[{"field":"from_ts","desc":"From Timestamp"},{"field":"to_ts","desc":"To Timestamp"}],"fieldvalues":[{"field":"total","desc":"All Alarms"}],"filters":[{"type":"source_ip","desc":"Source IP","options":[{"value":"0.0.0.0"}]},{"type":"type","desc":"Alarm Type","options":[{"value":"scanner"}]}]}},"values":[],"filters":[],"timefield":{"field":"from_ts","desc":"From Timestamp"},"total":false},"query":"{\n   \"timestamp\": {\n          \"from\": \"@from_ts\",\n          \"to\":  \"@to_ts\"\n   },\n  \"param\": {\n        \"filter\": [ \n             \"@filters\"\n       ],\n       \"limit\": \"@limit\",\n       \"total\": \"@total\"\n   }\n}","path":"statistic/alarm","debugresp":"{\"sid\":\"7mcmmsu0m8er4mrdtbc1pp7gm0\",\"auth\":\"true\",\"status\":200,\"message\":\"no data\",\"data\":[],\"count\":0}"},"title":"Sipcapture Stats","wid":3,"titleTemplateUrl":"../src/templates/widget-title.html"},{"type":"alarmlist","config":{"size":{"height":500}},"title":"Alarm List","titleTemplateUrl":"../src/templates/widget-title.html","wid":"1459762859795-3"},{"type":"alarm","config":{"size":{"height":200}},"title":"Alarm Settings","titleTemplateUrl":"../src/templates/widget-title.html","wid":"1459762863970-4"}],"cid":5}]}],"selectedItem":"fa-warning","protect":true,"alias":"alarms","weight":"20","titleTemplateUrl":"../src/templates/dashboard-title.html"}