{"title":"Get Started","structure":"6-6","rows":[{"columns":[{"styleClass":"col-md-6","widgets":[{"type":"markdown","config":{"content":"## Dashboard\nHomer 5 ships with a dynamic dashboard\/widget system which can easily be extended using standard javascript and AngularJS. All elements are user-defined and can be assembled based on requirements using the provided examples feed either internal or external data sources. \n\nCustom dashboards can be created\/managed using the dedicated icon _(see example below)_ and saved as JSON objects stored on the webserver.\n\n\u003Cimg src=\"https:\/\/i.imgur.com\/As04TXX.gif\"\u003E\n\nAll dashboards, widgets and functions are normally linked to the global Time-Range selector:\n\n\u003Cimg src=\"https:\/\/camo.githubusercontent.com\/16eb7f5813ac8bdaaae382b20981d9303e9b7724\/687474703a2f2f692e696d6775722e636f6d2f435431424247442e706e67\" width=\"100%\"\u003E\n\nAny change in Range Selector will cause a full Dashboard refresh automatically:\n\n\u003Cimg src=\"http:\/\/i.imgur.com\/65eiJXPh.png\" width=\"100%\"\u003E"},"title":"Introduction","wid":6,"titleTemplateUrl":"..\/src\/templates\/widget-title.html"}],"cid":4},{"styleClass":"col-md-6","widgets":[{"type":"markdown","config":{"content":"#### Elements\n\u003Chr\u003E\n\n* \u003Cem class=\"fa fa-calendar\" ng-click=\"showLastMenuBox();\"\u003E\u003C\/em\u003E Time + Range Control\n* \u003Cem class=\"fa fa-clock-o\"\u003E\u003C\/em\u003E Auto-Refresh Timer\n* \u003Cem class=\"fa fa-rotate-right\"\u003E\u003C\/em\u003E Manual Refresh Button\n* \u003Cem class=\"fa fa-search\"\u003E\u003C\/em\u003E Quick Search Link\n* \u003Cem class=\"fa fa-user\"\u003E\u003C\/em\u003E User Menu [Logout]\n\n\u003Cbr\u003E"},"title":"Top Menu","wid":3,"titleTemplateUrl":"..\/src\/templates\/widget-title.html"},{"type":"markdown","config":{"content":"#### Elements\n\u003Chr\u003E\n\n* \u003Cem class=\"fa fa-dashboard\"\u003E\u003C\/em\u003E System Panels\n    - \u003Cem class=\"fa fa-search\"\u003E\u003C\/em\u003E SIP Search\n    - \u003Cem class=\"fa fa-home\"\u003E\u003C\/em\u003E Home Panel\n    - \u003Cem class=\"fa fa-warning\"\u003E\u003C\/em\u003E Alarms\n\u003Cbr\u003E\n\u003Chr\u003E\n\n\n* \u003Cem class=\"fa fa-dashboard\"\u003E\u003C\/em\u003E Custom Panels\n  - \u003Cem class=\"fa fa-user\"\u003E\u003C\/em\u003E System Admin\n  - \u003Cem class=\"fa fa-user\"\u003E\u003C\/em\u003E VoIP Stats\n  - \u003Cem class=\"fa fa-user\"\u003E\u003C\/em\u003E IP Stats\n\u003Chr\u003E\n\n\u003E Panels can be created and edited by members of the _admins_ group"},"title":"Side Menu","wid":19,"titleTemplateUrl":"..\/src\/templates\/widget-title.html"}],"cid":5}]}],"protect":true,"selectedItem":"fa-tasks","alias":"getstarted","weight":"1","titleTemplateUrl":"..\/src\/templates\/dashboard-title.html"}