{"title":"Geo Chart","structure":"12","rows":[{"columns":[{"styleClass":"col-md-12","widgets":[{"type":"geochartChart","config":{"query":"{\n   \"timestamp\": {\n          \"from\": \"@from_ts\",\n          \"to\":  \"@to_ts\"\n   },\n  \"param\": {\n        \"filter\": [ \n             \"@filters\"\n       ],\n       \"limit\": \"@limit\",\n       \"total\": \"@total\"\n   }\n}","path":"statistic\/country","chart":{"size":{"height":250},"library":{"id":1,"label":"Google","value":"google"},"type":{"id":1,"label":"GeoChart","value":"geochart"}},"panel":{"datasource":{"name":"Geo Stats","type":"JSON","settings":{"path":"statistic\/country","query":"{\n   \"timestamp\": {\n          \"from\": \"@from_ts\",\n          \"to\":  \"@to_ts\"\n   },\n  \"param\": {\n        \"filter\": [ \n             \"@filters\"\n       ],\n       \"limit\": \"@limit\",\n       \"total\": \"@total\"\n   }\n}","method":"GET","limit":200,"total":false,"eval":{"incoming":{"name":"test incoming","value":"var object = @incoming; return object"}},"timefields":[{"field":"from_ts","desc":"From Timestamp"},{"field":"to_ts","desc":"To Timestamp"}],"fieldvalues":[{"field":"total","desc":"All Geo Stats"}],"filters":[{"type":"method","desc":"SIP Method","options":[{"value":"!ALL"},{"value":"!TOTAL"},{"value":"TOTAL"},{"value":"INVITE"},{"value":"UPDATE"},{"value":"REGISTER"},{"value":"CANCEL"},{"value":"BYE"},{"value":"OPTIONS"},{"value":"300"},{"value":"401"},{"value":"407"},{"value":"200"}]},{"type":"source_ip","desc":"Source IP","options":[{"value":"0.0.0.0"}]},{"type":"country","desc":"Source Country","options":[{"value":"ALL"}]}]}},"values":[],"filters":[],"timefield":{"field":"from_ts","desc":"From Timestamp"},"filter":{"type":"method","desc":"SIP Method","options":[{"value":"!ALL"},{"value":"!TOTAL"},{"value":"TOTAL"},{"value":"INVITE"},{"value":"UPDATE"},{"value":"REGISTER"},{"value":"CANCEL"},{"value":"BYE"},{"value":"OPTIONS"},{"value":"300"},{"value":"401"},{"value":"407"},{"value":"200"}]},"filtervalue":{"value":"REGISTER"},"limit":1000,"total":true},"debugresp":"{\"status\":200,\"sid\":\"5lamsnv4fuuffe8o2rv7b21k47\",\"auth\":\"true\",\"message\":\"ok\",\"data\":[{\"id\":\"4592\",\"from_ts\":\"1452004200\",\"to_ts\":\"1452004500\",\"country\":\"GB\",\"lat\":\"51.4552\",\"lon\":\"-2.5966\",\"method\":\"INVITE\",\"cnt\":\"1\",\"total\":\"3\"},{\"id\":\"4536\",\"from_ts\":\"1451995800\",\"to_ts\":\"1451996100\",\"country\":\"FR\",\"lat\":\"48.86\",\"lon\":\"2.35\",\"method\":\"INVITE\",\"cnt\":\"4\",\"total\":\"4\"},{\"id\":\"4510\",\"from_ts\":\"1451991900\",\"to_ts\":\"1451992200\",\"country\":\"DE\",\"lat\":\"51\",\"lon\":\"9\",\"method\":\"INVITE\",\"cnt\":\"55\",\"total\":\"84\"},{\"id\":\"4507\",\"from_ts\":\"1451991600\",\"to_ts\":\"1451991900\",\"country\":\"US\",\"lat\":\"39.1472\",\"lon\":\"-94.5735\",\"method\":\"INVITE\",\"cnt\":\"149\",\"total\":\"281\"},{\"id\":\"4506\",\"from_ts\":\"1451991300\",\"to_ts\":\"1451991600\",\"country\":\"RU\",\"lat\":\"55.75\",\"lon\":\"37.6166\",\"method\":\"INVITE\",\"cnt\":\"40\",\"total\":\"40\"},{\"id\":\"4505\",\"from_ts\":\"1451991300\",\"to_ts\":\"1451991600\",\"country\":\"NL\",\"lat\":\"52.3667\",\"lon\":\"4.9\",\"method\":\"REGISTER\",\"cnt\":\"289\",\"total\":\"2097\"}],\"count\":6}"},"title":"Geo Chart","wid":5}],"cid":6}]}]}