{"title":"SIP Search Duplicate","structure":"12","rows":[{"columns":[{"styleClass":"col-md-12","widgets":[{"type":"quicksearch","config":{"fields":[{"name":"user_agent","selection":"User-Agent"},{"name":"method","selection":"Method"},{"name":"cseq","selection":"CSeq"},{"name":"reason","selection":"Reason"},{"name":"msg","selection":"Message"},{"name":"diversion","selection":"Diversion"}],"searchbutton":false},"title":"Session Headers","wid":15},{"type":"quicksearch","config":{"fields":[{"name":"ruri_user","selection":"RURI"},{"name":"from_user","selection":"From"},{"name":"to_user","selection":"To"},{"name":"callid","selection":"Call-ID"}],"searchbutton":true},"title":"Session Parameters","wid":3},{"type":"quicksearch","config":{"fields":[{"name":"transaction","selection":"Transaction"},{"name":"limit","selection":"Limit Query"},{"name":"restype","selection":"Result Type"},{"name":"dbnode","selection":"DB Node"}],"searchbutton":false},"title":"Search Parrameters","wid":3},{"type":"quicksearch","config":{"fields":[{"name":"ruri_user","selection":"RURI"},{"name":"from_user","selection":"From"},{"name":"to_user","selection":"To"},{"name":"callid","selection":"Call-ID"}],"searchbutton":true},"title":"Session Parameters","wid":3}],"cid":27}]}],"protect":false,"selectedItem":"fa-search","alias":"search"}